Nome,User El dorado,tiktok @,Pais,Owner,telefone
rosasmariana2,1909,rosasmariana2,argentina,alejandra,null
santiagoamatfinanzas,4224559,santiagoamatfinanzas,argentina,bianca,null
2ombie.girl,2ombiegirl,2ombie.girl,colombia,camilo,null
abogadodegenerado,abogdodegenerado,abogadodegenerado,colombia,camilo,null
camy.aguiarmed,acamyaguiar02,camy.aguiarmed,paraguay,alejandra,null
finanzasenlaluna,activosdig1,finanzasenlaluna,colombia,camilo,null
adrian.aramayo,adrianmanfredo,adrian.aramayo,bolivia,alejandra,null
alee.doliver,aleedoliver,alee.doliver,brasil,alessandro,null
amandinhaporai,amandinhaporai,amandinhaporai,brasil,alessandro,null
andyfloresbo,andyfloresbo,andyfloresbo,brasil,samuel,null
annadebuenas,annaalves,annadebuenas,brasil,alessandro,null
arsac944,arsac,arsac944,bolivia,camilo,null
aventuresecomigo,aventuresecomigo,aventuresecomigo,paraguay,julia,null
barbaraarcee,barbaraarce,barbaraarcee,brasil,alessandro,null
abelenmendezm,belenmendezm,abelenmendezm,bolivia,alejandra,null
bigbrunoz,bigbrunoz,bigbrunoz,brasil,alessandro,null
brunooemanuel,brunooemanuel,brunooemanuel,argentina,alejandra,null
cadumpa,cadumpa,cadumpa,brasil,samuel,null
bycahcarval,cahcarval,bycahcarval,brasil,julia,null
camifonsecan,camiona,camifonsecan,colombia,camilo,null
clanbursatil,caramagof13,clanbursatil,colombia,camilo,null
carolinedutra1,caroline13dutra,carolinedutra1,paraguay,julia,null
castroguayo,castroguayo,castroguayo,paraguay,alejandra,null
danielcaceres.pe,cfinancieramente,danielcaceres.pe,peru,camilo,null
tipicodelacosta,chande24,tipicodelacosta,colombia,camilo,null
latoxicostena_17,cindyavila,latoxicostena_17,colombia,camilo,null
criptopepe,criptopepe1,criptopepe,bolivia,alejandra,null
crissemprende,criss27,crissemprende,bolivia,alejandra,null
el.palaa4,danielm1108,el.palaa4,colombia,camilo,null
danielvergel_,danielvergel_29,danielvergel_,colombia,camilo,null
daygonxd,Daygon,daygonxd,bolivia,alejandra,null
denisdelcarpio.mov,denisdelcarpio,denisdelcarpio.mov,bolivia,alejandra,null
dimelonegritow,dimelonegrito,dimelonegritow,colombia,camilo,null
doctortradingpe,doctortrading,doctortradingpe,peru,camilo,null
druell_,druell_,druell_,brasil,julia,null
sergio_el_waso,drushva,sergio_el_waso,bolivia,alejandra,null
twinbrothersco,dsdavidsanchez,twinbrothersco,colombia,camilo,null
sebass.arz,duvan1322,sebass.arz,colombia,camilo,null
alfredoredes,eduar_ferrer1997,alfredoredes,colombia,camilo,null
eduardochagasofc,eduardochagasofc,eduardochagasofc,brasil,julia,null
eldementiras,eldementiras,eldementiras,colombia,camilo,null
emmililii,emmilili04,emmililii,bolivia,camilo,null
rickportaciones,erickjaimescomercio,rickportaciones,bolivia,alejandra,null
ericmatosoficial,ericmatos,ericmatosoficial,brasil,alessandro,null
EzequielSack,ezequielsack,EzequielSack,argentina,alejandra,null
felipeleite.gabrig,felipeleite,felipeleite.gabrig,brasil,alessandro,null
filipetinoco_,filipetinoco,filipetinoco_,brasil,julia,null
flaviogalvezq,flaviogalvezq,flaviogalvezq,peru,camilo,null
Fransito,frans1999,Fransito,peru,alejandra,null
gabii.scd,gabiiscd,gabii.scd,brasil,alessandro,null
gabrielli.debona,gabriellidebona,gabrielli.debona,paraguay,alejandra,null
gemelosdangond,gemelosdangond,gemelosdangond,colombia,camilo,null
generatusueldo,generatusueldo,generatusueldo,peru,camilo,null
gian.piccin,gianpiccin,gian.piccin,brasil,samuel,null
gualdeziofc,gualdezi,gualdeziofc,brasil,alessandro,null
guimaturana,guimaturana,guimaturana,brasil,julia,null
guittoofc,guitto,guittoofc,brasil,alessandro,null
gustavomerloo,gustavomerlo,gustavomerloo,brasil,samuel,null
hanielo_,hdll,hanielo_,bolivia,alessandro,null
helloportoalegre,helloportoalegre,helloportoalegre,brasil,samuel,null
henrry.gabriel,henrryhilaya,henrry.gabriel,bolivia,alejandra,null
heyinvestidor,heyinvestidorbr,heyinvestidor,brasil,julia,null
isra.street,israstreerbo,isra.street,bolivia,camilo,null
ivanpardo93,ivanpardo93,ivanpardo93,colombia,camilo,null
cafeconleche1y2,jesusgyx2,cafeconleche1y2,brasil,samuel,null
verdeza,joelverdeza,verdeza,colombia,alejandra,null
jeanpierreserranos,jpserrano,jeanpierreserranos,bolivia,alejandra,null
juanbiter,juanbiter,juanbiter,colombia,camilo,null
Soyjuanarandia,juanseruno,Soyjuanarandia,bolivia,camilo,null
juniormavity7,juniormavity7,juniormavity7,bolivia,alejandra,null
Kaplex,kaplexx,Kaplex,bolivia,alejandra,null
karensnowsands,karennieves,karensnowsands,colombia,camilo,null
karinacollaco,karinacollaco,karinacollaco,brasil,alessandro,null
kauebelizarinho,kauebelizarinho,kauebelizarinho,brasil,samuel,null
kiah_rekt,kiah,kiah_rekt,argentina,alejandra,null
lauracamilavargas96,lauracamilavargas96,lauracamilavargas96,colombia,camilo,null
leoenlacalle,leoenlacalle,leoenlacalle,paraguay,alejandra,null
leofielz,leofiel,leofielz,brasil,samuel,null
brasileandoconlia,lia99,brasileandoconlia,bolivia,alejandra,null
lizleonv,lizbethleon,lizleonv,bolivia,bianca,null
luizomesquita,lookat_ag,luizomesquita,brasil,samuel,null
lourdesmiranda17,lourdesmiranda,lourdesmiranda17,bolivia,alessandro,null
lucasxveiga,lucasveiiga,lucasxveiga,brasil,samuel,null
lupito_1,lupito1,lupito_1,bolivia,alejandra,null
mackayfede,mackayfede,mackayfede,bolivia,alessandro,null
mafeel._,mafeel_,mafeel._,colombia,camilo,null
maisa_matos2,maisa_matos1,maisa_matos2,paraguay,alejandra,null
malika.viajes,Malika,malika.viajes,argentina,alejandra,null
prieto.manuel,manuelprieto2025,prieto.manuel,colombia,alejandra,null
marianyyaa,marianyyaa,marianyyaa,colombia,camilo,null
mapiiiiiiiiiii,mariapaulafie,mapiiiiiiiiiii,peru,alejandra,null
marlonwlourenco,marlonwlourenzo,marlonwlourenco,brasil,alessandro,null
matiasherediaa1,matiasherediaa1,matiasherediaa1,argentina,alejandra,null
culturacerveceraa,mauro1jfm,culturacerveceraa,colombia,camilo,null
luhan.ortiz,maurott,luhan.ortiz,bolivia,alejandra,null
miliespinoza11,milagrosespinozagua,miliespinoza11,peru,alejandra,null
mile_noa,milenka_noa,mile_noa,bolivia,alejandra,null
mirellasthephane,mirellasthephane2,mirellasthephane,brasil,samuel,null
miry.travel,miry,miry.travel,argentina,alejandra,null
nasserohabibi,nasserdaqour,nasserohabibi,brasil,julia,null
ninomartinezok,ninomartinezok,ninomartinezok,bolivia,alejandra,null
oficialzeus,oficialzeusmc,oficialzeus,brasil,julia,null
ornellasierra,ornellasierra24,ornellasierra,colombia,camilo,null
pablodorado-fd1zj,pablidorado,pablodorado-fd1zj,bolivia,camilo,null
paluleos2,paluleos,paluleos2,bolivia,alejandra,null
paocordero,paocordero0,paocordero,bolivia,bianca,null
canalpapoprofissional,papoprofissional,canalpapoprofissional,brasil,julia,null
pedrito_daza,pedritodaza,pedrito_daza,bolivia,camilo,null
petro.off7,petronilho7,petro.off7,brasil,julia,null
quiquelanda.peru,quiquelandaperu,quiquelanda.peru,brasil,alessandro,null
rapfinanceiro,rapfinanceiro,rapfinanceiro,brasil,alessandro,null
ricardoasmatmarines,ricardoasmatm,ricardoasmatmarines,peru,camilo,null
rossy180,rossy180,rossy180,bolivia,camilo,null
rubbycobain,rubbycobain,rubbycobain,argentina,alejandra,null
santiagochavezirus,santiagochavezirus,santiagochavezirus,peru,alejandra,null
santiscali,santiscali,santiscali,argentina,alejandra,null
sedexx10,sedexx10,sedexx10,brasil,samuel,null
odemetru,siena,odemetru,brasil,alessandro,null
lachicadelasfiestas,sivivesenlima,lachicadelasfiestas,peru,alessandro,null
sophia.05__,sophic2,sophia.05__,colombia,camilo,null
soyplisha,soypilisha,soyplisha,colombia,camilo,null
lubru,TBRmfqTQiGGaHs59FTtbJeSFoQfdnjeTYz,lubru,argentina,bianca,null
malusc,tranks3000,malusc,brasil,julia,null
tthebestr,tthebestr,tthebestr,brasil,julia,null
valesita.ofi,valesitaofi,valesita.ofi,colombia,camilo,null
vmoneys,vancy09cy,vmoneys,argentina,bianca,null
vinimachadofc,vinimachadofc,vinimachadofc,brasil,alessandro,null
willzanelati,wilsonzanelati,willzanelati,brasil,julia,null
winnermaxyt,winnermax,winnermaxyt,colombia,camilo,null
wolttechnology,wolt,wolttechnology,argentina,bianca,null
xande.41,xande41,xande.41,brasil,julia,null
ximenadavila_,ximenadavila_,ximenadavila_,peru,camilo,null
yessitapia.pe,yessitapia,yessitapia.pe,argentina,alejandra,null
soy.alessandro_bo,yosoyalessandroboliv,soy.alessandro_bo,bolivia,bianca,null
zdezane,zdezane,zdezane,brasil,julia,null